year,month,outage_events,avg_customers_out,total_cust_hours
2020,1,353,247.67107350608143,3163940.0
2020,2,7,94.55526315789474,78102.0
2021,1,332,223.373350207919,2584926.5
2021,2,103,294.3763288447909,1057935.75
2022,1,418,319.99353146853144,6110357.75
2022,2,26,257.2236842105263,156360.0
2023,1,0,0.0,0.0
2023,2,0,0.0,0.0
